{"accuracy": 0.9444444444444444, "cv_score": 0.8185185185185185}